rank,title,link,page
1,Complexion,BOM-38 - OMNIAu00ae Complexion,1
2,Domed Shader,BOM-41 - OMNIAu00ae Domed Shader,1
3,Highlighter,BOM-37 - OMNIAu00ae Highlighter,1
4,Powder,BOM-36 - OMNIAu00ae Powder,1
5,Domed Blush,BOM-34 - OMNIAu00ae Domed Blush,1
6,Contour,BOM-35 - OMNIAu00ae Contour,1
7,Crease,BOM-45 - OMNIAu00ae Crease,1
8,PROFESSIONAL BOM-430,BOM-430-OS - OMNIAu00ae PROFESSIONAL BOM-430,1
9,PROFESSIONAL BOM-265,BOM-265-OS - OMNIAu00ae PROFESSIONAL BOM-265,1
10,PROFESSIONAL BOM-270,BOM-270-OS - OMNIAu00ae PROFESSIONAL BOM-270,1
11,PROFESSIONAL BOM-185,BOM-185-OS - OMNIAu00ae PROFESSIONAL BOM-185,1
12,PROFESSIONAL BOM-445,BOM-445-OS - OMNIAu00ae PROFESSIONAL BOM-445,1
13,PROFESSIONAL BOM-120,BOM-120-OS - OMNIAu00ae PROFESSIONAL BOM-120,1
14,Large Crease,BOM-44 - OMNIAu00ae Large Crease,1
15,Eye Highlighter,BOM-17 - OMNIAu00ae Eye Highlighter,1
16,Medium Crease,BOM-46 - OMNIAu00ae Medium Crease,1
17,PROFESSIONAL BOM-435,BOM-435-OS - OMNIAu00ae PROFESSIONAL BOM-435,1
18,PROFESSIONAL BOM-418,BOM-418-OS - OMNIAu00ae PROFESSIONAL BOM-418,1
19,Small Crease,BOM-47 - OMNIAu00ae Small Crease,1
20,PROFESSIONAL BOM-490,BOM-490-OS - OMNIAu00ae PROFESSIONAL BOM-490,1
21,PROFESSIONAL BOM-487,BOM-487-OS - OMNIAu00ae PROFESSIONAL BOM-487,2
22,Blending,BOM-43 - OMNIAu00ae Blending,2
23,PROFESSIONAL BOM-420,BOM-420-OS - OMNIAu00ae PROFESSIONAL BOM-420,2
24,PROFESSIONAL BOM-510,BOM-510-OS - OMNIAu00ae PROFESSIONAL BOM-510,2
25,Small Shader,BOM-42 - OMNIAu00ae Small Shader,2
26,PROFESSIONAL BOM-180,BOM-180-OS - OMNIAu00ae PROFESSIONAL BOM-180,2
27,PROFESSIONAL BOM-650,BOM-650-OS - OMNIAu00ae PROFESSIONAL BOM-650,2
28,PROFESSIONAL BOM-187,BOM-187-OS - OMNIAu00ae PROFESSIONAL BOM-187,2
29,Eye Contour,BOM-13 - OMNIAu00ae Eye Contour,2
30,Brow Definer,BOM-49 - OMNIAu00ae Brow Definer,2
31,Smudger,BOM-48 - OMNIAu00ae Smudger,2
32,PROFESSIONAL BOM-110,BOM-110-OS - OMNIAu00ae PROFESSIONAL BOM-110,2
33,Lip,BOM-25 - OMNIAu00ae Lip,2
34,PROFESSIONAL BOM-417,BOM-417-OS - OMNIAu00ae PROFESSIONAL BOM-417,2
35,PROFESSIONAL BOM-416,BOM-416-OS - OMNIAu00ae PROFESSIONAL BOM-416,2
36,PROFESSIONAL BOM-402,BOM-402-OS - OMNIAu00ae PROFESSIONAL BOM-402,2
37,Crease,BOM-14 - OMNIAu00ae Crease,2
38,PROFESSIONAL BOM-460,BOM-460-OS - OMNIAu00ae PROFESSIONAL BOM-460,2
39,PROFESSIONAL BOM-448,BOM-448-OS - OMNIAu00ae PROFESSIONAL BOM-448,2
40,Lip,BOM-50 - OMNIAu00ae Lip,2
41,PROFESSIONAL BOM-485,BOM-485-OS - OMNIAu00ae PROFESSIONAL BOM-485,3
42,PROFESSIONAL BOM-475,BOM-475-OS - OMNIAu00ae PROFESSIONAL BOM-475,3
43,PROFESSIONAL BOM-141,BOM-141-OS - OMNIAu00ae PROFESSIONAL BOM-141,3
44,PROFESSIONAL BOM-186,BOM-186-OS - OMNIAu00ae PROFESSIONAL BOM-186,3
45,Shader,BOM-40 - OMNIAu00ae Shader,3
46,PROFESSIONAL BOM-405,BOM-405-OS - OMNIAu00ae PROFESSIONAL BOM-405,3
47,PROFESSIONAL BOM-456,BOM-456-OS - OMNIAu00ae PROFESSIONAL BOM-456,3
48,PROFESSIONAL BOM-481,BOM-481-OS - OMNIAu00ae PROFESSIONAL BOM-481,3
49,PROFESSIONAL BOM-125,BOM-125-OS - OMNIAu00ae PROFESSIONAL BOM-125,3
50,PROFESSIONAL BOM-471,BOM-471-OS - OMNIAu00ae PROFESSIONAL BOM-471,3
51,Concealer,BOM-09 - OMNIAu00ae Concealer,3
52,PROFESSIONAL BOM-255,BOM-255-OS - OMNIAu00ae PROFESSIONAL BOM-255,3
53,PROFESSIONAL BOM-498,BOM-498-OS - OMNIAu00ae PROFESSIONAL BOM-498,3
54,Pointed Powder,BOM-31 - OMNIAu00ae Pointed Powder,3
55,PROFESSIONAL BOM-601,BOM-601-OS - OMNIAu00ae PROFESSIONAL BOM-601,3
56,PROFESSIONAL BOM-400,BOM-400-OS - OMNIAu00ae PROFESSIONAL BOM-400,3
57,PROFESSIONAL BOM-290,BOM-290-OS - OMNIAu00ae PROFESSIONAL BOM-290,3
58,PROFESSIONAL BOM-200,BOM-200-OS - OMNIAu00ae PROFESSIONAL BOM-200,3
59,PROFESSIONAL BOM-421,BOM-421-OS - OMNIAu00ae PROFESSIONAL BOM-421,3
60,Brow Designer,BOM-23 - OMNIAu00ae Brow Designer,3
61,PROFESSIONAL BOM-210,BOM-210-OS - OMNIAu00ae PROFESSIONAL BOM-210,4
62,Pencil,BOM-15 - OMNIAu00ae Pencil,4
63,PROFESSIONAL BOM-540,BOM-540-OS - OMNIAu00ae PROFESSIONAL BOM-540,4
64,PROFESSIONAL BOM-225,BOM-225-OS - OMNIAu00ae PROFESSIONAL BOM-225,4
65,PROFESSIONAL BOM-525,BOM-525-OS - OMNIAu00ae PROFESSIONAL BOM-525,4
66,PROFESSIONAL BOM-401,BOM-401-OS - OMNIAu00ae PROFESSIONAL BOM-401,4
67,Precision Highlight,BOM-11 - OMNIAu00ae Precision Highlight,4
68,Angled Stippler,BOM-33 - OMNIAu00ae Angled Stippler,4
69,PROFESSIONAL BOM-240,BOM-240-OS - OMNIAu00ae PROFESSIONAL BOM-240,4
70,PROFESSIONAL BOM-415,BOM-415-OS - OMNIAu00ae PROFESSIONAL BOM-415,4
71,PROFESSIONAL BOM-515,BOM-515-OS - OMNIAu00ae PROFESSIONAL BOM-515,4
72,Angled Foundation,BOM-08 - OMNIAu00ae Angled Foundation,4
73,PROFESSIONAL BOM-100,BOM-100-OS - OMNIAu00ae PROFESSIONAL BOM-100,4
74,Complexion,BOM-06 - OMNIAu00ae Complexion,4
75,PROFESSIONAL BOM-505,BOM-505-OS - OMNIAu00ae PROFESSIONAL BOM-505,4
76,PROFESSIONAL BOM-140,BOM-140-OS - OMNIAu00ae PROFESSIONAL BOM-140,4
77,Flat Definer,BOM-22 - OMNIAu00ae Flat Definer,4
78,PROFESSIONAL BOM-142,BOM-142-OS - OMNIAu00ae PROFESSIONAL BOM-142,4
79,PROFESSIONAL BOM-447,BOM-447-OS - OMNIAu00ae PROFESSIONAL BOM-447,4
80,PROFESSIONAL BOM-135,BOM-135-OS - OMNIAu00ae PROFESSIONAL BOM-135,4
81,Detail,BOM-18 - OMNIAu00ae Detail,5
82,PROFESSIONAL BOM-130,BOM-130-OS - OMNIAu00ae PROFESSIONAL BOM-130,5
83,PROFESSIONAL BOM-410,BOM-410-OS - OMNIAu00ae PROFESSIONAL BOM-410,5
84,Contour,BOM-01 - OMNIAu00ae Contour,5
85,PROFESSIONAL BOM-215,BOM-215-OS - OMNIAu00ae PROFESSIONAL BOM-215,5
86,PROFESSIONAL BOM-280,BOM-280-OS - OMNIAu00ae PROFESSIONAL BOM-280,5
87,Foundation,BOM-07 - OMNIAu00ae Foundation,5
88,Domed Blush,BOM-04 - OMNIAu00ae Domed Blush,5
89,Highlighter,BOM-05 - OMNIAu00ae Highlighter,5
90,PROFESSIONAL BOM-230,BOM-230-OS - OMNIAu00ae PROFESSIONAL BOM-230,5
91,Smudger,BOM-16 - OMNIAu00ae Smudger,5
92,PROFESSIONAL BOM-206,BOM-206-OS - OMNIAu00ae PROFESSIONAL BOM-206,5
93,PROFESSIONAL BOM-275,BOM-275-OS - OMNIAu00ae PROFESSIONAL BOM-275,5
94,Precision Liner,BOM-20 - OMNIAu00ae Precision Liner,5
95,Fan,BOM-39 - OMNIAu00ae Fan,5
96,PROFESSIONAL BOM-427,BOM-427-OS - OMNIAu00ae PROFESSIONAL BOM-427,5
97,PROFESSIONAL BOM-185-G,BOM-185-G - OMNIAu00ae PROFESSIONAL BOM-185-G,5
98,PROFESSIONAL BOM-175,BOM-175-OS - OMNIAu00ae PROFESSIONAL BOM-175,5
99,PROFESSIONAL BOM-430-G,BOM-430-G - OMNIAu00ae PROFESSIONAL BOM-430-G,5
100,PROFESSIONAL BOM-105,BOM-105-OS - OMNIAu00ae PROFESSIONAL BOM-105,5
101,PROFESSIONAL BOM-251,BOM-251-OS - OMNIAu00ae PROFESSIONAL BOM-251,6
102,Angled Brow,BOM-24 - OMNIAu00ae Angled Brow,6
103,PROFESSIONAL BOM-675,BOM-675-OS - OMNIAu00ae PROFESSIONAL BOM-675,6
104,PROFESSIONAL BOM-260,BOM-260-OS - OMNIAu00ae PROFESSIONAL BOM-260,6
105,Round Concealer,BOM-10 - OMNIAu00ae Round Concealer,6
106,Precision Blender,BOM-03 - OMNIAu00ae Precision Blender,6
107,Shortn      tLinern      tS2,R4595-2 - Majesticu2122 Short Liner S2,6
108,PROFESSIONAL BOM-115,BOM-115-OS - OMNIAu00ae PROFESSIONAL BOM-115,6
109,Detail Liner,BOM-21 - OMNIAu00ae Detail Liner,6
110,PROFESSIONAL BOM-265-G,BOM-265-G - OMNIAu00ae PROFESSIONAL BOM-265-G,6
111,PROFESSIONAL BOM-120-G,BOM-120-G - OMNIAu00ae PROFESSIONAL BOM-120-G,6
112,Powder,BOM-02 - OMNIAu00ae Powder,6
113,PROFESSIONAL BOM-450,BOM-450-OS - OMNIAu00ae PROFESSIONAL BOM-450,6
114,PROFESSIONAL BOM-425,BOM-425-OS - OMNIAu00ae PROFESSIONAL BOM-425,6
115,PROFESSIONAL BOM-600,BOM-600-OS - OMNIAu00ae PROFESSIONAL BOM-600,6
116,Shortn      tLiner,R4595-100 - Majestic Short Liner,6
117,Goldn      tSyntheticn      tOvaln      tWashn      t34,SG950-34 INCH - Soft Grip Gold Synthetic Oval Wash 34,6
118,Minin      tSpottern      t200,R4200SP-200 - Majesticu2122 Mini Spotter 200,6
119,PROFESSIONAL BOM-195,BOM-195-OS - OMNIAu00ae PROFESSIONAL BOM-195,6
120,Shader,BOM-12 - OMNIAu00ae Shader,6
121,PROFESSIONAL BOM-300,BOM-300-OS - OMNIAu00ae PROFESSIONAL BOM-300,7
122,Scriptn      tLinern      tS50,R4585-50 - Majesticu2122 Script Liner S50,7
123,PROFESSIONAL BOM-235,BOM-235-OS - OMNIAu00ae PROFESSIONAL BOM-235,7
124,Minin      tScriptn      tLinern      t300,R4200SL-300 - Majesticu2122 Mini Script Liner 300,7
125,x OMNIA,BOM-MM01 - Melanie Mills Hollywoodu00ae x OMNIAu00ae MM01,7
126,PROFESSIONAL BOM-255-G,BOM-255-G - OMNIAu00ae PROFESSIONAL BOM-255-G,7
127,Scriptn      tLinern      tS0,R4585-0 - Majesticu2122 Script Liner S0,7
128,PROFESSIONAL BOM-405-G,BOM-405-G - OMNIAu00ae PROFESSIONAL BOM-405-G,7
129,Scriptn      tLinern      tS1,R4585-1 - Majesticu2122 Script Liner S1,7
130,Pointed Liner,BOM-19 - OMNIAu00ae Pointed Liner,7
131,PROFESSIONAL BOM-460-G,BOM-460-G - OMNIAu00ae PROFESSIONAL BOM-460-G,7
132,PROFESSIONAL BOM-110-G,BOM-110-G - OMNIAu00ae PROFESSIONAL BOM-110-G,7
133,PROFESSIONAL BOM-510-G,BOM-510-G - OMNIAu00ae PROFESSIONAL BOM-510-G,7
134,Flatn      tBrushn      t14,R2735-14 INCH - Aqualon Wispu2122 Flat Brush 14,7
135,Angularn      t18,R4160-18 INCH - Majesticu2122 Angular 18,7
136,Stippler,BOM-32 - OMNIAu00ae Stippler,7
137,Minin      tShadern      t20,R4200S-20 - Majesticu2122 Mini Shader 20,7
138,PROFESSIONAL BOM-601-G,BOM-601-G - OMNIAu00ae PROFESSIONAL BOM-601-G,7
139,PROFESSIONAL BOM-416-G,BOM-416-G - OMNIAu00ae PROFESSIONAL BOM-416-G,7
140,Filbertn      tS6,R4170-6 - Majesticu2122 Filbert S6,7
141,Goldn      tSyntheticn      tRoundn      tS2,SG250-2 - Soft Grip Gold Synthetic Round S2,8
142,Minin      tFann      t200,R4200FB-200 - Majesticu2122 Mini Fan 200,8
143,PROFESSIONAL BOM-410-G,BOM-410-G - OMNIAu00ae PROFESSIONAL BOM-410-G,8
144,PROFESSIONAL BOM-300-G,BOM-300-G - OMNIAu00ae PROFESSIONAL BOM-300-G,8
145,x OMNIA,BOM-MM11 - Melanie Mills Hollywoodu00ae x OMNIAu00ae MM11,8
146,Roundn      tS0,R4250-0 - Majesticu2122 Round S0,8
147,Goldn      tSyntheticn      tAngularn      t18,SG160-18 INCH - Soft Grip Gold Synthetic Angular 18,8
148,Goldn      tSyntheticn      tGlazen      tWashn      t34,SG700-34 INCH - Soft Grip Gold Synthetic Glaze Wash 34,8
149,Goldn      tSyntheticn      tFann      tS200,SG850-200 - Soft Grip Gold Synthetic Fan S200,8
150,x OMNIA,BOM-MM08 - Melanie Mills Hollywoodu00ae x OMNIAu00ae MM08,8
151,Flatn      tBrushn      t18,R2735-18 INCH - Aqualon Wispu2122 Flat Brush 18,8
152,Flatn      tS4,R4150-S-4 - Majesticu2122 Flat S4,8
153,Shortn      tLinern      tS0,R4595-0 - Majesticu2122 Short Liner S0,8
154,Goldn      tSyntheticn      tRoundn      tS1,SG250-1 - Soft Grip Gold Synthetic Round S1,8
155,Minin      tRoundn      t0,R4200R-0 - Majesticu2122 Mini Round 0,8
156,x OMNIA,BOM-MM09 - Melanie Mills Hollywoodu00ae x OMNIAu00ae MM09,8
157,Flatn      tBrushn      t38,R2735-38 INCH - Aqualon Wispu2122 Flat Brush 38,8
158,Roundn      tS2,R4250-2 - Majesticu2122 Round S2,8
159,PROFESSIONAL BOM-100-G,BOM-100-G - OMNIAu00ae PROFESSIONAL BOM-100-G,9
160,x OMNIA,BOM-MM10 - Melanie Mills Hollywoodu00ae x OMNIAu00ae MM10,9
161,x OMNIA,BOM-MM07 - Melanie Mills Hollywoodu00ae x OMNIAu00ae MM07,9
162,Angularn      tBrushn      t14,R2165-14 INCH - Aqualon Wispu2122 Angular Brush 14,9
163,Flatn      tS6,R4150-S-6 - Majesticu2122 Flat S6,9
164,Roundn      tS4,R4250-4 - Majesticu2122 Round S4,9
165,Roundn      tS8,R4250-8 - Majesticu2122 Round S8,9
166,Goldn      tSyntheticn      tShortn      tShadern      tS4,SG155-4 - Soft Grip Gold Synthetic Short Shader S4,9
167,Goldn      tSyntheticn      tRoundn      tS30,SG250-30 - Soft Grip Gold Synthetic Round S30,9
168,Angularn      tBrushn      t12,R2165-12 INCH - Aqualon Wispu2122 Angular Brush 12,9
169,Filbertn      tBrushn      t38,R2935-38 INCH - Aqualon Wispu2122 Filbert Brush 38,9
170,Angularn      t1,R4160-1 INCH - Majesticu2122 Angular 1,9
171,Angularn      t58,R4160-58 INCH - Majesticu2122 Angular 58,9
172,Shortn      tLinern      tS50,R4595-50 - Majesticu2122 Short Liner S50,9
173,Goldn      tSyntheticn      tShadern      tS0,SG150-0 - Soft Grip Gold Synthetic Shader S0,9
174,Fann      tS4,R4850-4 - Majesticu2122 Fan S4,9
175,Goldn      tSyntheticn      tShortn      tShadern      tS6,SG155-6 - Soft Grip Gold Synthetic Short Shader S6,9
176,Goldn      tSyntheticn      tDaggern      t14,SG190-14 INCH - Soft Grip Gold Synthetic Dagger 14,9
177,Goldn      tSyntheticn      tRoundn      tS200,SG250-200 - Soft Grip Gold Synthetic Round S200,9
178,Goldn      tSyntheticn      tScriptn      tLn      tS0,SG585-0 - Soft Grip Gold Synthetic Script L S0,9
179,Filbertn      tBrushn      t12,R2935-12 INCH - Aqualon Wispu2122 Filbert Brush 12,1
180,Fann      tBrushn      t18,R2855-18 INCH - Aqualon Wispu2122 Fan Brush 18,1
181,Fann      tBrushn      t34,R2855-34 INCH - Aqualon Wispu2122 Fan Brush 34,1
182,Filbertn      tBrushn      t18,R2935-18 INCH - Aqualon Wispu2122 Filbert Brush 18,1
183,Roundn      tS6,R4250-6 - Majesticu2122 Round S6,1
184,Deerfootn      tStipplern      t12,R4650-12 INCH - Majesticu2122 Deerfoot Stippler 12,1
185,Deerfootn      tStipplern      t38,R4650-38 INCH - Majesticu2122 Deerfoot Stippler 38,1
186,Deerfootn      tStipplern      t14,R4650-14 INCH - Majesticu2122 Deerfoot Stippler 14,1
187,Goldn      tSyntheticn      tFilbertn      tS4,SG170-4 - Soft Grip Gold Synthetic Filbert S4,1
188,Goldn      tSyntheticn      tRoundn      tS0,SG250-0 - Soft Grip Gold Synthetic Round S0,1
189,Goldn      tSyntheticn      tRoundn      tS3,SG250-3 - Soft Grip Gold Synthetic Round S3,1
190,Goldn      tSyntheticn      tShortn      tRoundn      tS10,SG255-10 - Soft Grip Gold Synthetic Short Round S10,1
191,Goldn      tSyntheticn      tScriptn      tLn      tS2,SG585-2 - Soft Grip Gold Synthetic Script L S2,1
192,Goldn      tSyntheticn      tScriptn      tLn      tS100,SG585-100 - Soft Grip Gold Synthetic Script L S100,1
193,Goldn      tSyntheticn      tShortn      tLIn      tS50,SG595-50 - Soft Grip Gold Synthetic Short LI S50,1
194,Goldn      tSyntheticn      tShortn      tLIn      tS0,SG595-0 - Soft Grip Gold Synthetic Short LI S0,1
195,Goldn      tSyntheticn      tShortn      tLIn      tS2,SG595-2 - Soft Grip Gold Synthetic Short LI S2,1
196,Goldn      tSyntheticn      tShortn      tLIn      tS100,SG595-100 - Soft Grip Gold Synthetic Short LI S100,1
197,Goldn      tSyntheticn      tDeerfootn      t38,SG650-38 INCH - Soft Grip Gold Synthetic Deerfoot 38,1
198,Goldn      tSyntheticn      tShortn      tLIn      tS4,SG595-4 - Soft Grip Gold Synthetic Short LI S4,1
199,Goldn      tSyntheticn      tStroken      t14,SG711-14 INCH - Soft Grip Gold Synthetic Stroke 14,1
200,Goldn      tSyntheticn      tOvaln      tWashn      t12,SG950-12 INCH - Soft Grip Gold Synthetic Oval Wash 12,1
201,Angularn      tBrushn      t18,R2165-18 INCH - Aqualon Wispu2122 Angular Brush 18,1
202,Angularn      tBrushn      t34,R2165-34 INCH - Aqualon Wispu2122 Angular Brush 34,1
203,Fann      tBrushn      t12,R2855-12 INCH - Aqualon Wispu2122 Fan Brush 12,1
204,Flatn      tBrushn      t34,R2735-34 INCH - Aqualon Wispu2122 Flat Brush 34,1
205,Fann      tBrushn      t38,R2855-38 INCH - Aqualon Wispu2122 Fan Brush 38,1
206,Angularn      t12,R4160-12 INCH - Majesticu2122 Angular 12,1
207,Flatn      tS8,R4150-S-8 - Majesticu2122 Flat S8,1
208,Angularn      t14,R4160-14 INCH - Majesticu2122 Angular 14,1
209,Angularn      t34,R4160-34 INCH - Majesticu2122 Angular 34,1
210,Angularn      t38,R4160-38 INCH - Majesticu2122 Angular 38,1
211,Glazen      tWashn      t1,R4700-1 INCH - Majesticu2122 Glaze Wash 1,1
212,Goldn      tSyntheticn      tShadern      tS12,SG150-12 - Soft Grip Gold Synthetic Shader S12,1
213,Goldn      tSyntheticn      tShadern      tS10,SG150-10 - Soft Grip Gold Synthetic Shader S10,1
214,Goldn      tSyntheticn      tShortn      tShadern      tS8,SG155-8 - Soft Grip Gold Synthetic Short Shader S8,1
215,Goldn      tSyntheticn      tAngularn      t38,SG160-38 INCH - Soft Grip Gold Synthetic Angular 38,1
216,Goldn      tSyntheticn      tRoundn      tS10,SG250-10 - Soft Grip Gold Synthetic Round S10,1
217,Goldn      tSyntheticn      tDaggern      t38,SG190-38 INCH - Soft Grip Gold Synthetic Dagger 38,1
218,Goldn      tSyntheticn      tRoundn      tS100,SG250-100 - Soft Grip Gold Synthetic Round S100,1
219,Goldn      tSyntheticn      tRoundn      tS5,SG250-5 - Soft Grip Gold Synthetic Round S5,1
220,Goldn      tSyntheticn      tShortn      tRoundn      tS6,SG255-6 - Soft Grip Gold Synthetic Short Round S6,1
221,Goldn      tSyntheticn      tRoundn      tS6,SG250-6 - Soft Grip Gold Synthetic Round S6,1
222,Goldn      tSyntheticn      tScriptn      tLn      tS50,SG585-50 - Soft Grip Gold Synthetic Script L S50,1
223,Goldn      tSyntheticn      tCombn      t12,SG730-12 INCH - Soft Grip Gold Synthetic Comb 12,1
224,Goldn      tSyntheticn      tGlazen      tWashn      t12,SG700-12 INCH - Soft Grip Gold Synthetic Glaze Wash 12,1
225,Goldn      tSyntheticn      tCombn      t14,SG730-14 INCH - Soft Grip Gold Synthetic Comb 14,1
226,Goldn      tSyntheticn      tFilbertn      tCombn      t14,SG930-14 INCH - Soft Grip Gold Synthetic Filbert Comb 14,1
227,Goldn      tSyntheticn      tFann      tS6,SG850-6 - Soft Grip Gold Synthetic Fan S6,1
228,Angularn      tBrushn      t38,R2165-38 INCH - Aqualon Wispu2122 Angular Brush 38,1
229,Flatn      tBrushn      t12,R2735-12 INCH - Aqualon Wispu2122 Flat Brush 12,1
230,Fann      tBrushn      t14,R2855-14 INCH - Aqualon Wispu2122 Fan Brush 14,1
231,Filbertn      tBrushn      t14,R2935-14 INCH - Aqualon Wispu2122 Filbert Brush 14,1
232,Filbertn      tBrushn      t34,R2935-34 INCH - Aqualon Wispu2122 Filbert Brush 34,1
233,Combn      tBrushn      t12,R4730-12 INCH - Majesticu2122 Comb Brush 12,1
234,Glazen      tWashn      t34,R4700-34 INCH - Majesticu2122 Glaze Wash 34,1
235,Glazen      tWashn      t12,R4700-12 INCH - Majesticu2122 Glaze Wash 12,1
236,Combn      tBrushn      t14,R4730-14 INCH - Majesticu2122 Comb Brush 14,1
237,Goldn      tSyntheticn      tShortn      tShadern      tS10,SG155-10 - Soft Grip Gold Synthetic Short Shader S10,1
238,Goldn      tSyntheticn      tShadern      tS2,SG150-2 - Soft Grip Gold Synthetic Shader S2,1
239,Goldn      tSyntheticn      tShortn      tShadern      tS12,SG155-12 - Soft Grip Gold Synthetic Short Shader S12,1
240,Goldn      tSyntheticn      tShadern      tS6,SG150-6 - Soft Grip Gold Synthetic Shader S6,1
241,Goldn      tSyntheticn      tShadern      tS8,SG150-8 - Soft Grip Gold Synthetic Shader S8,1
242,Goldn      tSyntheticn      tAngularn      t12,SG160-12 INCH - Soft Grip Gold Synthetic Angular 12,1
243,Goldn      tSyntheticn      tFilbertn      tS2,SG170-2 - Soft Grip Gold Synthetic Filbert S2,1
244,Goldn      tSyntheticn      tFilbertn      tS6,SG170-6 - Soft Grip Gold Synthetic Filbert S6,1
245,Goldn      tSyntheticn      tRoundn      tS8,SG250-8 - Soft Grip Gold Synthetic Round S8,1
246,Goldn      tSyntheticn      tRoundn      tS50,SG250-50 - Soft Grip Gold Synthetic Round S50,1
247,Goldn      tSyntheticn      tShortn      tRoundn      tS8,SG255-8 - Soft Grip Gold Synthetic Short Round S8,1
248,Goldn      tSyntheticn      tShortn      tRoundn      tS4,SG255-4 - Soft Grip Gold Synthetic Short Round S4,1
249,Goldn      tSyntheticn      tScriptn      tLn      tS200,SG585-200 - Soft Grip Gold Synthetic Script L S200,1
250,Goldn      tSyntheticn      tDeerfootn      t14,SG650-14 INCH - Soft Grip Gold Synthetic Deerfoot 14,1
251,Goldn      tSyntheticn      tDeerfootn      t12,SG650-12 INCH - Soft Grip Gold Synthetic Deerfoot 12,1
252,Goldn      tSyntheticn      tStroken      t12,SG711-12 INCH - Soft Grip Gold Synthetic Stroke 12,1
253,Goldn      tSyntheticn      tFann      tS2,SG850-2 - Soft Grip Gold Synthetic Fan S2,1
254,Goldn      tSyntheticn      tCombn      t38,SG730-38 INCH - Soft Grip Gold Synthetic Comb 38,1
255,Goldn      tSyntheticn      tFann      tS4,SG850-4 - Soft Grip Gold Synthetic Fan S4,1
256,Goldn      tSyntheticn      tFilbertn      tCombn      t12,SG930-12 INCH - Soft Grip Gold Synthetic Filbert Comb 12,1
257,Goldn      tSyntheticn      tFilbertn      tCombn      t38,SG930-38 INCH - Soft Grip Gold Synthetic Filbert Comb 38,1
258
